Jean-Jacques Rousseau,The Confessions,1781,606
Erich Fromm,The Art of Loving,1956,146
Mark Twain,The Adventures of Huckleberry Finn,1884,288
James Thurber,My Life and Hard Times,1933,115
William Shakespeare,Romeo and Juliet,1596,146
Bernard Malamud,The Assistant,1957,192
Malcolm X and Alex Haley,Autobiography,1964,460
Penelope Gilliatt,A State of Change,1967,221
Oscar Wilde,The Picture of Dorian Gray,1891,234
Joseph Heller,Catch 22,1961,463
Voltaire,Candide,1758,144
L.N. Tolstoy,War and Peace,1869,1444
Philip Roth,Portnoy's Complaint,1969,274
George Orwell,Down and Out in Paris and London ,1933,155
Fyodor Dostoyevsky,The Brothers Karamazov,1881,701
Norman Podhoretz,Making It,1967,262
Rodney Collin,The Theory of Eternal Life,1948,123
Norman Mailer,Miami and the Siege of Chicago,1968,223
G.I. Gurdjieff,Meetings with Remarkable Men,1927,303
William Shakespeare,Hamlet,1602,214
James Simon Kunen,The Strawberry Statement,1969,151
Emily Brontë,Wuthering Heights,1847,320
Herman Melville,Moby Dick,1851,535
Johann Wolgang Goethe,The Sorrows of Young Werther,1774,199
Jean-Paul Sartre,Nausea,1938,253
Garrett Mattingly,The Armada,1959,402
Honoré de Balzac,Eugénie Grandet,1833,248
Bertrand Russell,The Conquest of Happiness,1930,180
Margaret Mead,Culture and Commitment,1970,97
Jane Austen,Sense and Sensibility,1811,349
Norman Zierold,Garbo,1969,157
Joan Didion,Play It as It Lays,1970,152
Anais Nin,Diary,1934,358
André Gide,The Counterfeiters,1927,397
Gustave Flaubert,Sentimental Education,1869,419
Joseph Conrad,Lord Jim,1900,313
William Shakespeare,Othello,1602,128
Thomas Mann,Buddenbrooks,1901,595
Bill Moyers,Listening to America,1971,342
Alvin Toffer,Future Shock,1970,430
Jerzy Kosinski,Being There,1971,140
Charlotte Brontë,Jane Eyre,1847,477
William Shakespeare,King Lear,1605,138
Johann Wolfgang Goethe,Elective Affinities,1809,300
William J. Mitchell,Elementary Harmony,1965,230
Edmund S. Morgan,The Birth of the Republic,1956,157
Mary Renault,The Charioteer,1961,347
L.N. Tolstoy,Anna Karenina,1873,852
Milovan Djilas,The New Class,1957,214
Albert Schweitzer,"J.S. Bach, Vol. 1",1911,1
Alan Watts,The Wisdom of Insecurity,1951,152
Larry McMurtry,All My Friends are Going to Be Strangers,1972,286
Richard Bach,Jonathan Livingston Seagull,1970,93
Thomas Wolfe,Look Homeward Angel,1929,522
Alan Moorehead,Darwin and the Beagle,1969,270
Charles Dickens,David Copperfield,1850,850
Charles Dickens,American Notes,1842,320
W.J. Cash,The Mind of the South,1941,440
William Faulkner,The Wild Palms,1939,317
Thomas Hardy,Tess of the D'Urbervilles,1902,517
André Gide,The Immoralist,1903,171
Dee Brown,Bury My Heart at Wounded Knee,1971,421
Gabriel Garcia Marques,One Hundred Years of Solitude,1970,383
Jane Austen,Pride and Prejudice,1797,430
Sarah N. Randolph,The Domestic Life of Thomas Jefferson,1939,384
Daniel Boorstin,The Lost World of Thomas Jefferson,1948,248
Peter McCabe and Robert D. Schonfeld,Apple to the Core,1972,200
John Kenneth Galbraith,Economics and the Public Purpose,1973,324
Anne F. Scott,The Southern Lady,1970,231
Georges Lefebvre,The Coming of the French Revolution,1947,220
Konrad Lorenz,On Aggression,1966,290
Bette Davis,The Lonely Life,1962,254
Vladimir Nabokov,Transparent Things,1972,158
Jane Austen,Persuasion,1818,254
Jim Bouton,Ball Four,1970,369
Bruce Catton,This Hallowed Ground,1956,495
Jan Morris,Conundrum,1974,174
Constantine Fitzgibbon,The Life of Dylan Thomas,1965,346
Chogyam Thungpa,Cutting Through Spiritual Materialism,1973,322
Peter Benchley,Jaws,1974,272
Carlos Castaneda,Journey to Ixtlan,1972,315
Chaim Potok,The Chosen,1969,416
Sir Arthur Conan Doyle,The Adventures of Sherlock Holmes,1892,248
Richard Hofstadter,America at 1750,1973,292
Graham Greene,The End of the Affair,1951,240
Robert A. Caro,The Power Broker,1974,1162
Henry James,Portrait of a Lady,1881,545
Nicholas Meyer,The Seven Per-Cent Solution,1974,234
William M. Thackeray,Memoirs of Barry Lyndon,1854,324
F. Scott Fitzgerald,The Last Tycoon,1941,163
Rollo May,The Courage to Create,1975,140
Aaron Copland,Copland on Music,1960,280
Harold Mattingly,The Man in the Roman Street,1966,156
Curtis Cate,George Sand,1975,732
John S. Shelton,Geology Illustrated,1966,424
Saul Bellow,To Jerusalem and Back,1976,182
Saul Bellow,Humboldt's Gift,1973,472
Colin McEvedy,The Penguin Atlas of Medieval History,1961,90
R.D. Laing,Do You Love Me?,1976,86
C.G. Jung,The Undiscovered Self,1957,125
C.G. Jung,Modern Man in Search of a Soul,1933,244
Charles Chaplin,My Autobiography,1964,497
Margaret Drabble,A Summer Bird-Cage,1963,208
Arthur C. Clarke,Childhood's End,1953,218
Henry James,The Europeans,1878,173
Stephen King,The Shining,1977,447
Henry James,The Ambassadors,1903,397
Bulfinch,Mythology,1855,236
Gail Sheehy,Passages,1976,514
William Shakespeare,Richard III,1595,148
Charles Darwin,The Origin of Species,1859,460
Robert M. Pirsig,Zen and the Art of Motorcycle Maintenance,1974,406
Erik Erikson,Childhood and Society,1950,424
Marcel Proust,Swann's Way,1928,325
Plato,"The Last Days of Socrates, Euthyphro, The Apology, Phaedo",390bc,199
Chie Nakane,Japanese Society,1970,151
Homer,The Iliad,730bc,459
Plato,The Symposium,385bc,122
Fyodor Dostoevsky,The Idiot,1869,642
Lytton Strachey,Eminent Victorians,1918,338
Robertson Davies,Fifth Business,1970,268
A.J.P. Taylor,The Second World War,1975,235
John McPhee,Coming Into the Country,1976,438
William Manchester,The Glory and the Dream,1974,1302
L.N. Tolstoy,Ressurrection,1899,568
Paul Bowles,The Sheltering Sky,1949,305
Joseph Conrad,Heart of Darkness,1902,111
Yukio Mishima,Spring Snow,1968,376
James Joll,European History since 1870,1973,486
Norman Mailer,Marilyn,1974,262
Jean Rhys,"Good Morning, Midnight",1974,1
John Irving,The World According to Garp,1976,609
Richard Price,Ladies' Man,1978,264
James M. Cain,The Postman Always Rings Twice,1934,120
Jean Rhys,Voyage in the Dark,1934,159
Adam Smith,The Wealth of Nations,1776,347
John C. Brandt and Stephen P. Maran,New Horizons in Astronomy,1979,533
Margaret Mead,Male and Female,1949,344
Friedrich Nietzsche,Ecco Homo,1888,134
A. Alvarez,The Savage God,1971,272
Thomas Hardy,Jude the Obscure,1896,511
George Santayana,The Sense of Beauty,1896,164
Jonathan Swift,Gulliver's Travels,1726,360
W.B. Yeats,Autobiography,1922,387
John Reed,Ten Days that Shook the World,1926,351
Isaac Bashevis Singer,The Slave,1962,287
John Dewey,Liberalism and Social Action,1935,93
Studs Turkel,Working,1972,762
Charles Dickens,Great Expectations,1861,512
Henry James,The American,1875,325
Len Jenkin,New Jerusalem,1985,204
Jean Dorst,"The Life of Birds, vol. 1",1971,1
Marcel Proust,Within a Budding Grove,1920,386
Lester C. Thurow,The Zero-Sum Society,1980,214
John Huston,An Open Book,1980,373
W.X.C. Guthrie,Socrates,1969,187
Jonathan Miller,The Body in Question,1978,341
Edward Gibbon,The Decline and Fall of the Roman Empire (Abridged),1787,713
J.P. Donleavy,"The Destinies of Darcy Dancer, Gentleman",1977,1
James Joyce,A Portrait of the Artist as a Young Man,1916,253
John Steinbeck,The Acts of King Arthur and His Noble Knights,1976,349
Gary Zukav,The Dancing Wu Li Masters,1979,332
Johann Wolfgang Goethe,Faust (part one),1805,197
David Halberstam,The Powers That Be,1979,1027
Laurie Lee,As I Walked Out One Midsummer Morning,1969,186
Benvenuto Cellini,Autobiography,1562,397
Isaac Bashevis Singer,Lost in America,1981,259
Charles Dickens,Nicholas Nickleby,1839,934
Jack London,Martin Eden,1909,348
Henry James,Washington Square,1880,174
Aristotle,On Poetry and Style,350bc,106
Saint Augustine,Confessions,398ad,347
Joan Edelman Spero,The Politics of International Economic Relations,1981,334
Francois Rabelais,Gargantua and Pantagruel,1534,712
David Halberstam,The Breaks of the Game,1981,360
Immanuel Kant,Foundations of the Metaphysics of Morals,1785,92
Einhard,The Life of Charlemagne,830,67
David Hume,An Enquiry Concerning Human Understanding,1748,124
Miguel de Cervantes Saavedra,Don Quixote,1604,940
Virginia Woolf,A Room of One's Own,1929,118
Gustave Flaubert,The Dictionary of Accepted Ideas,1882,92
Baldesar Castiglione,The Book of the Courtier,1518,345
Charles Major,When Knighthood Was in Flower,1898,294
Giovanni Pico della Mirandola,Oration on the Dignity of Man,1487,69
D.M. Thomas,The White Hotel,1981,240
Jane Austen,Emma,1816,471
John Calvin,On God and Political Duty,1535,121
Leon Edel,Henry James - The Middle Years: 1882--1895,1962,389
Milan Kundera,The Book of Laughter and Forgetting,1980,237
Yukio Mishima,Runaway Horses,1969,423
Albert Einstein,The World As I See It,1932,112
Ivan Turgenev,First Love,1860,107
Vincent Wright,The Government and Politics of France,1978,253
Jean Rhys,Wide Sargasso Sea,1966,156
Lionel Trilling,Sincerity and Authenticity,1971,158
Christopher Isherwood,Prater Violet,1945,160
Johan Huizinga,The Waning of the Middle Ages,1919,335
Honoré de Balzac,The Black Sheep,1842,339
Martin Buber,On Judaism,1951,231
David Sylvester,Napoleon and the French Empire,1978,90
Robert S. Lopez,The Three Ages of the Italian Renaissance,1970,74
Marie Sandoz,Crazy Horse,1942,413
David McClintick,Indecent Exposure,1982,521
Fyodor Dostoevsky,The Adolescent,1874,599
Robert Graves,Goodbye to All That,1929,347
Robert G. Weisbord,Ebony Kinship,1973,220
Marc Bloch,Feudal Society Vol. 1,1940,279
John Updike,Bech is Back,1982,195
Bible,The Book of Job,1488,63
Robin Lane Fox,The Search for Alexander,1980,441
James Joyce,Stephen Hero,1906,253
William Shakespeare,Antony and Cleopatra,1607,133
Lawrence Durrell,Justine,1957,245
William James,The Varieties of Religious Experience,1902,500
André Breton,Nadja,1928,160
Stephen Jay Gould,Ever Since Darwin,1977,271
Mikhail Bulgakov,The Master and Margarita,1940,402
John Le Carré,"Tinker, Tailor, Soldier,1974,317,0
Thornton Wilder,The Bridge of San Luis Rey,1927,124
Various,Introduction to Contemporary Civilization in the West", Vol. 1,1960
Jean-Jacques Rousseau,The Confessions,1781,606
Tom Wolfe,The Painted Word,1975,120
Patrick Humphries,Bookends - The Simon and Garfunkel Story,1982,186
Emil Ludwig,Napoleon,1926,682
Jean-Jacques Rousseau,The Social Contract and ,1762,226
Jean-Jacques Rousseau,Reveries of the Solitary Walker,1778,155
Henry David Thoreau,Walden,1854,247
Peter Gay,The Enlightenment (The Rise of Modern Pagasm) *,1966,419
Plutarch,Makers of Rome (from Lives),100,366
Basho,The Narrow Road to the Deep North,1690,147
W. Somerset Maugham,The Razor's Edge,1944,314
Aaron Copland,Copland on Music,1959,280
Moliere,'The Misanthrope' (a play),1666,55
Dylan Thomas,Portrait of the Artist as a Young Dog,1940,128
Isaac Asimov,The Human Body,1963,309
Vladimir Nabokov,Lectures on Literature,1980,382
Aeschylus,The Oresteian Trilogy,480bc,203
Sophocles,'Electra' (a play),435bc,55
William Shakespeare,'Trolius and Cressida',1602,152
Cicero,Selected Works,60bc,160
Elie Wiesel,The Testament,1981,261
Tom Stoppard,Albert's Bridge,1969,116
Tom Stoppard,If You're Glad I'll Be Frank,1969,116
Tom Stoppard,Artist Descending a Staircase,1973,116
Robertson Davies,One Half of Robertson Davies,1978,286
Basile Kerblay,Modern Soviet Society,1983,306
James Joyce,Ulysses,1921,783
Jim Harrison,Farmer,1976,160
Michel de Montaigne,Travel Journal,1580,175
Richard Price,Ladies' Man,1978,264
William Shakespeare,Ages of Man: readings by John Gielgud,1600,93
J.D. Salinger,Nine Stories,1953,198
Hallie Burnett,On Writing the Short Story,1983,148
Guy de Maupassant,A Woman's Life,1883,202
Thomas Hardy,The Distracted Preacher' and four other short stories,1888,175
Anton Chekhov,'The Kiss' and other short stories,1902,168
Olivia Coolidge,George Bernard Shaw,1968,226
Anthony Burgess,Ninety-nine Novels,1984,156
George Bernard Shaw,Saint Joan,1924,158
L.N. Tolstoy,The Portable Tolstoy,1908,429
John Dover Wilson,Life in Shakespeare's England,1634,345
L.N. Tolstoy,What is Art?,1896,191
Henrik Ibsen,A Doll's House,1879,103
Bob Woodward,Wired: The Short Life and Fast Times of John Belushi,1984,423
Plato,The Republic,375bc,455
Robert H. March,Physics for Poets,1970,253
Gore Vidal,Creation,1981,593
Italo Calvino,The Baron in the Trees,1959,217
Alexander L. George,Managing U.S. - Soviet Rivalry,1983,397
J.W. Goethe,Italian Journey,1786,398
Frederick Exley,A Fan's Notes,1968,353
Ivan Turgenev,Fathers and Sons,1861,295
Edmund Wilson,Axel's Castle,1931,235
C.S. Forster,Mr. Midshipman Hornblower,1941,252
Alexander Pushkin,Eugene Onegin,1830,233
Mikhail Lermontov,A Hero of Our Time,1839,185
Iris Murdoch,A Severed Head,1961,205
Jean de La Fontaine,Selected Fables,1693,141
William Shakespeare,Othello,1604,154
Réné Descartes,Meditations on First Philosophy,1641,56
Alan Sillitoe,The Loneliness of the Long Distance Runner,1959,144
W.E.B. Dubois,The Souls of Black Folk,1903,278
James Salter,Light Years,1975,308
Milan Kundera,The Unbearable Lightness of Being,1984,314
E.M.W. Tillyard,The Elizabethan World Picture,1958,109
Bruno Bettelheim,The Uses of Enchantment,1975,310
William M. Thackeray,Vanity Fair,1847,636
Knut Hamsun,Mysteries,1892,254
Susan Cheever,Home Before Dark,1984,243
Thornton Wilder,The Ides of March,1948,204
A.J.P. Taylor,Revolutions and Revolutionaries,1980,160
Arkady N. Shevchenko,Breaking with Moscow,1985,370
Constantin Stanislavski,An Actor Prepares,1936,295
Michael White,Empty Seats,1984,190
Constantin Stanislavski,Creating a Role,1938,262
Richard Price,The Breaks,1983,446
Robert Stone,A Flag for Sunrise,1977,440
David Shapiro,Neurotic Styles,1965,199
Richard S. Dunn,The Age of Religious Wars 1559-1715,1970,302
Harriet Beecher Stowe,Uncle Tom's Cabin,1852,590
Anthony Burgess,This Man & Music,1982,192
Victor Hugo,Notre Dame of Paris,1831,493
Lucretius,On the Nature of the Universe,54bc,256
Leonardo Da Vinci,The Codex Leicester,1507,175
Howard Greenfeld,Caruso,1983,254
Marcel Proust,The Guermantes Way,1925,425
Frances Fitzgerald,Fire in the Lake,1972,590
Nora Ephron,Heartburn,1983,223
Fritjof Capra,The Tao of Physics,1975,311
Lao Tsu,Tao Te Ching,600bc,81
Leon Edel,Bloomsbury - A House of Lions,1979,299
L.N. Tolstoy,Confession,1879,93
Alice Walker,The Color Purple,1982,251
Richard Ellmann,James Joyce,1959,744
E.F. Benson,Queen Lucia part 1,1920,318
James Joyce,Dubliners,1905,223
Thomas Hardy,The Mayor of Casterbridge,1886,411
Henry Chadwick,The Early Church,1967,289
Herodotus,The Histories,446bc,624
Edith Wharton,The House of Mirth,1905,329
J.K. Galbraith,A China Passage,1973,138
Arthur Schopenhauer,Essays and Aphorisms,1851,236
Luigi Barzini,The Europeans,1983,267
Rollo May,My Quest for Beauty,1985,243
Carl Sagan,Cosmos,1980,286
Eugen Herrigel,Zen in the Art of Archery,1953,90
David Hume,Dialogues Concerning Natural Religion,1775,105
Julius Caesar,The Conquest of Gaul,52bc,236
Mark Twain,A Connecticut Yankee in King Arthur's Court,1889,331
Richard Hudson,Linguistics,1984,166
Virgil,The Aeneid,30bc,336
Various,The Colour of Saying Anthology of Verse,1963,170
Gene A. Brucker,Renaissance Florence,1969,280
Edward I. Koch,Politics,1985,246
Giorgio Vasari,Lives of the Artists,1568,477
G. William Domhoff,Who Rules America Now?,1983,223
Alan S. Parkes,Patterns of Sexuality and Reproduction,1976,141
Edmund Gosse,Father and Son,1907,251
John Gardner,Self-Renewal,1981,127
Dante Alighieri,Inferno,1314,180
E.M. Forster,Howard's End,1910,271
Gaston Bachelard,The Poetics of Space,1958,241
William Kennedy,Ironweed,1983,227
Homer,The Odyssey,700bc,365
Moss Hart,Act One,1959,383
Vladimir Nabokov,The Enchanter,1939,95
Harold C. Schonberg,The Lives of the Great Composers,1970,627
David A. Stockman,The Triumph of Politics,1986,411
Stanislaus Joyce,The Dublin Diary of Stanislaus Joyce,1904,114
Thomas Hobbes,Leviathan,1651,729
Rainer Maria Rilke,Letters to Benvenuta,1914,87
Douglass H. Morse,Behavioral Mechanisms in Ecology,1980,320
Mark Twain and Charles Dudley Warner,The Gilded Age,1873,222
Arthur Power,Conversations with James Joyce,1974,111
Jacques Barzun,The Use and Abuse of Art,1974,150
V.S. Naipaul,Among the Believers (an Islamic Journey),1980,430
Carrie Fisher,Postcards from the Edge,1987,218
Michel Montaigne,Essays,1580,406
Marcel Proust,Cities of the Plain,1913,378
Peter Gay,The Bourgeois Experience Education of the Senses,1984,460
Sigmund Freud,The Ego and the Id,1923,49
Larry McMurtry,Lonesome Dove,1985,945
A.J. Liebling,Between Meals,1959,185
Peter Fornatale & Joshua E. Mills,Radio in the Television Age,1980,196
Martin Amis,Einstein's Monsters,1987,149
Barry Lopez,Arctic Dreams,1986,372
Doris Lessing,The Golden Notebook,1962,666
James Branch Cabell,Jurgen,1919,368
Heinrich Heine,Deutschland,1843,100
Jorge Luis Borges,An Introduction to American Literature,1967,90
Marco Polo,The Travels,1298,345
Martin Heidegger,Discourse on Thinking,1955,90
John A. Wilson,The Culture of Ancient Egypt,1951,318
Denis Diderot,Rameau's Nephew,1761,125
Rudyard Kipling,Just So Stories,1902,158
Peter Ladefoged,Elements of Acoustic Phonetics,1962,108
Friedrich Nietzche,A Nietzsche Reader,1880,284
Jane Austen,Mansfield Park,1814,464
C.P. Snow,The Two Cultures & A Second Look,1964,100
Mark Twain,Life on the Mississippi,1882,352
Zbigniew Brzezinski,Game Plan,1986,273
Honoré de Balzac,Ursule Mirouet,1841,266
Celia McEvedy,The Penguin Atlas of Ancient History,1967,92
Robert Roberts,The Classic Slum,1971,238
Colette,Break of Day,1928,117
André Malraux,Man's Fate,1934,338
Jean Racine,Andromache,1672,111
Ernst Cassirer,Language and Myth,1946,99
Mikhail Gorbachev,Perestroika,1987,254
Adin Steinsaltz,The Essential Talmud,1976,275
William Shakespeare,A Midsummer Night's Dream,1600,256
Voltaire,Letters on England,1733,145
Tom Wolfe,The Bonfire of the Vanities,1987,659
Beowulf Poet,Beowulf,800,115
P.G. Wodehouse,The Inimitable Jeeves,1924,224
Gene Lees,Singers and the Song,1987,257
Mark Twain,Tom Sawyer Abroad and Tom Sawyer Detective,1896,211
Fyodor Dostoevsky,Notes from the Underground,1864,158
Gretel Ehrlich,The Solace of Open Spaces,1985,131
Henry Fielding,Joseph Andrews,1742,298
George Eliot,Middlemarch,1872,908
John Dos Passos,The 42nd Parallel,1930,414
Anonymous,The Vinland Sagas,1250,105
Donald T. Regan,For the Record,1988,379
Benjamin Franklin,The Autobiography and other writings,1790,260
Elia Kazan,A Life,1988,825
Francis Parkman,The Oregon Trail,1849,286
Arthur Schopenhauer,The Art of Literature,1841,149
Gustave Flaubert,November,1842,132
Albert Einstein,Sidelights on Relativity,1921,56
Confucius,The Analects,500bc,160
Yasunari Kawabata,The Lake,1954,160
Marcel Proust,On Reading,1905,67
collected, The Poet's Work,1977,294
Seneca,Epistulae Morales vol. 1,65,229
Vladimir Nabokov,The Portable Nabokov,1968,536
Various, Quarrels that have Shaped the Constitution,1962,268
Jacques Barzun,A Word or Two Before You Go,1986,177
Anthony Trollope,Framely Parsonage,1860,563
Ovid,Metamorphoses,5,357
Christopher Clapham,Third World Politics,1985,186
Richard Russo,The Risk Pool,1988,479
Charles Dickens,Bleak House,1853,975
P.P. Xahane,Ancient and Classical Art,1967,200
Charles Baudelaire,Paris Spleen,1869,108
Willa Cather,O Pioneers!,1913,309
Nadine Gordimer,The Late Bourgeois World,1966,95
Voltaire,Philosophical Dictionary,1764,400
John Stoye,Europe Unfolding 1648-1688,1969,399
E.L. Doctorow,Billy Bathgate,1989,323
Howard Hibbard,Bernini,1965,229
Yasuji Kirimura,Fundamentals of Buddhism,1977,210
Scott Buchanan,Poetry and Mathematics,1929,156
Gore Vidal,Lincoln,1984,657
Gabriel Garcia Marquez,Love in the Time of Cholera,1988,348
Bible,The Bible,1488,520
Brenda Maddox,Nora - The Real Life of Molly Bloom,1988,381
John Milton,Paradise Lost,1667,339
Sanche de Gramont,Epitaph for Kings,1969,428
Stephen W. Hawking,A Brief History of Time,1988,182
Wallace Stevens,The Necessary Angel,1951,176
edited by W.H. Auden,The Portable Greek Reader,1948,726
Honoré de Balzac,The Wild Ass's Skin,1831,285
Quentin Crisp,Manners from Heaven,1984,138
Sigmund Freud,Civilization and Its Discontents,1930,104
Michael Harrington,The Other America,1962,221
Art Garfunkel,Still Water - Prose Poems,1989,119
Umberto Eco,Art and Beauty in the Middle Ages,1959,119
Anton Chekhov,The Fiancée and other stories,1890,232
Theodore Dreiser,An American Tragedy,1925,828
Santoru Izumi,Guidelines to Faith,1980,160
Robert Louis Stevenson,Travels with a Donkey,1879,126
James D. Watson,The Double Helix,1968,231
Anthony Trollope,An Autobiography,1883,367
Joseph Campbell (with Bill Moyers),The Power of Myth,1988,231
Henry Miller,Quiet Days in Clichy,1940,154
Colin McEvedy,The Penguin Atlas of Modern History (to 1815),1972,90
J.P. Kenyon,Stuart England,1978,355
Michel Foucault,The History of Sexuality vol. 1: An Introduction,1976,159
Virginia Woolf,Contemporary Writers,1920,160
William Shakespeare,"""Henry V""",1599,123
Honoré de Balzac,Lost Illusions,1843,682
Ian Frazier,Great Plains,1989,214
Anonymous,Tales from the Thousand and One Nights,850bc,407
Anne Rice,Interview With the Vampire,1976,346
Charles R. Morris,The Cost of Good Intentions,1980,240
Various,The Portable Renaissance Reader,1500,754
Jerrold Seigel,Bohemian Paris,1986,397
Mark Twain,The Innocents Abroad,1867,492
Sylvia Plath,The Bell Jar,1963,216
George F. Will,Men at Work,1990,330
Edith Hamilton,Mythology,1940,321
Ernest Hemingway,A Moveable Feast,1960,211
Edith Wharton,Ethan Frome,1911,133
J.F. Stone,The Trial of Socrates,1988,230
Tacitus,The Histories,98,287
Carrie Fisher,Surrender the Pink,1990,281
John McPhee,Rising from the Plains,1986,214
George Eliot,The Lifted Veil,1879,91
Thomas Mann,The Magic Mountain,1927,716
Fredric Dannen,Hit Men,1990,327
The Koran,The Koran,610,435
Roderic Gorney,The Human Agenda,1968,575
William Thackeray,The History of Henry Esmond,1852,513
Rachel Carlson,Silent Spring,1962,297
Charles Grodin,It Would Be So Nice If You Weren't Here,1989,308
Will and Ariel Durant,The Story of Civilization VIII:,1963,74
Margaret Mead,Coming of Age in Samoa,1928,197
Thomas L. Friedman,From Beirut to Jerusalem,1989,525
Daphne du Maurier,Jamaica Inn,1936,247
Daisaku Ikeda,The Creative Family,1977,159
Marcus Aurelius,The Meditations,177,129
Thomas Szasz,Ceremonial Chemistry,1974,170
Marcel Proust,The Captive,1921,289
Thomas Hardy,Under the Greenwood Tree,1872,241
Arthur Koestler,Darkness at Noon,1940,216
Herbert Marcuse,Eros and Civilization,1955,274
Oscar Hijuelos,The Mambo Kings Play Songs of Love,1989,407
Jim Harrison,Dalva,1988,324
William Pfaff,Barbarian Sentiments,1989,189
Madame de Lafayette,The Princess of Cleves,1678,168
John Updike,"Rabbit, Run",1960,1
Paul Fussell,Bad,1991,201
William Styron,The Confessions of Nat Turner,1966,429
Sigmund Freud,The Future of an Illusion,1927,81
A.R. Myers,England in the Late Middle Ages,1952,262
Leonardo Da Vinci,The Notebooks of Leonardo Da Vinci,1490,392
Sun Tzu,The Art of War,400bc,149
Aleksandr Solzhenitsyn,Rebuilding Russia,1990,106
H.G. Wells,A Short History of the World,1922,357
Baroness Orczy,The Scarlet Pimpernel,1905,248
H.L. Mencken,The Vintage Mencken,1933,246
Robert Louis Stevenson,Dr. Jekyll and Mr. Hyde,1886,114
William Julius Wilson,The Truly Disadvantaged,1987,164
Swami Prabhavananda,The Sermon on the Mount according to Vendanta,1963,126
Sigmund Freud,An Outline of Psycho-Analysis,1938,64
Edgar Allan Poe,The Narrative of Arthur Gordon Pym,1938,220
Andreas Capellanus,The Art of Courtly Love,1180,59
William Faulkner,The Sound and the Fury,1931,284
Nathaniel Hawthorne,The House of the Seven Gables,1851,245
Edmund Burke,Reflections on the Revolution in France,1790,290
William Shakespeare,"""The Trajedy of Julius Caesar""",1599,102
Emil Ludwig,The Nile,1936,603
Patrick J. Geary,Before France & Germany,1988,231
Denis Diderot,The Nun,1760,188
Richard Selzer,Mortal Lessons - Notes on the Art of Surgery,1974,217
Ben H. Bagdikian,The Media Monopoly,1983,251
Cyril Aldred,Egyptian Art,1980,240
Nathaniel Hawthorne,The Blithedale Romance,1852,247
Elie Wiesel,A Jew Today,1978,247
Livy,Rome and the Mediterranean,17,654
Oliver Sacks,The Man Who Mistook His Wife for a Hat,1985,233
Dorothy Parker,The Portable Dorothy Parker,1962,535
Immanuel Kant,The Doctrine of Virtue,1797,167
Alec Wilder,American Popular Song,1972,519
Lawrence Shainberg,Brain Surgeon,1979,316
Lord Chesterfield,Letters,1772,464
Camille Paglia,"Sex, Art, and American Culture",287,1
George Eliot,Silas Marner,1861,190
Harry Crews,Body,1990,240
Hermann Hesse,Demian,1919,179
Jean Piaget,Six Psychological Studies,1964,157
David King Dunaway,Huxley in Hollywood,1989,402
Evelyn Waugh,Brideshead Revisited,1945,331
Unknown,anthology: The European Security Framework in Transition 1984-92,1992,172
Jess Stein,The Random House Dictionary of the English Language,1983,1664
Sigmund Freud,On Dreams,1901,114
Ernest Hemingway,Green Hills of Africa,1935,295
Bruce Chatwin,On the Black Hill,1982,249
K.J. Dover,Greek Homosexuality,1978,206
David Thomson,England in the Twentieth Century,1965,362
Virginia Woolf,To the Lighthouse,1927,310
Jacques Barzun,The Culture We Deserve,1989,183
Allan Gurganus,White People,1990,305
Stanley Coren,The Left-Hander Syndrome,1992,281
Leo Tolstoy,The Forged Coupon,1904,99
Cristina Garcia,Dreaming in Cuban,1992,245
Honoré de Balzac,Cousin Pons,1847,334
Mark Green,Who Runs Congress?,1972,318
Thomas Kessner,The Golden Door,1977,177
Don DeLillo,White Noise,1984,326
John Stuart Mill,Utilitarianism,1861,79
Rudyand Kipling,Kim,1901,270
Alan Lightman,Einstein's Dreams,1993,179
Jules Michelet,Joan of Arc,1841,143
Plato,Early Socratic Dialogues,327bc,375
Erich Fromm,Escape from Freedom,1941,303
V.S. Pritchett,The Offensive Traveller,1964,241
Peter B. High,An Outline of American Literature,1986,241
Susan Sontag,AIDS and Its Metaphors,1988,95
Françoise Sagan,Bonjour Tristesse,1954,108
Flannery O'Connor,Mystery and Manners,1969,228
Henry James,The Turn of the Screw,1898,160
Thornton Wilder,The Cabala,1926,230
Donald Matthew,Atlas of Medieval Europe,1983,225
Jane Smiley,A Thousand Acres,1991,371
Patrick Moore,Basic Astronomy,1967,134
Henry Adams,Mont Saint Michael and Chartres,1904,359
Emile Zola,Germinal,1885,538
Charles Baudelaire,The Prose Poems and La Fanfarlo,1865,116
Charles Dickens,The Old Curiosity Shop,1841,720
Carrie Fisher,Delusions of Grandma,1994,260
Laurence Sterne,A Sentimental Journey,1768,120
Franz Kafka,The Trial,1920,256
Thomas DeQuincy,Confessions of an English Opium Eater,1822,116
Natalie Goldberg,Writing Down the Bones,1986,170
Daniel Defoe,A Journal of the Plague Year,1725,256
Jean Rhys,After Leaving Mr. Mackenzie,1931,191
Marcel Proust,The Sweet Cheat Gone,1922,196
Dorothy Whitelock,The Beginnings of English Society,1952,243
David Rabe,"""Hurlyburly""",1985,160
Henry Kissinger,Diplomacy,1994,835
Bruce Chatwin,The Songlines,1987,294
Gary Zukav,The Seat of the Soul,1989,248
Ernest Becker,The Denial of Death,1973,285
Laurence Sterne,The Life and Opinions of Tristam Shandy,1767,539
Sinclair Lewis,Babbitt,1922,334
John King Fairbank,China - A New History,1992,432
Toni Morrison,Beloved,1987,275
Franz Kafka,Amerika,1927,312
Arnold Toynbee & Daisaku Ikeda,Choose Life,1976,359
Sherwin B. Nuland,How We Die,1994,269
H.B. Acton,Kant's Moral Philosophy,1970,65
Jack London,The Call of the Wild,1903,89
Gustav Janouch,Conversations with Kafka,1923,201
Samuel Butler,The Way of All Flesh,1903,444
Meriwether Lewis and William Clark,The Journals of Lewis and Clark,1804,515
Peter Kwong,The New Chinatown,1987,187
Fyodor Dostoyevsky,The Devils,1871,704
Selma H. Fraiberg,The Magic Years,1959,151
Sol M. Linowitz,The Making of a Public Man,1985,247
Stendhal,The Red and the Black,1830,574
J.H. Plumb,England in the Eighteenth Century,1950,214
P.D. Ouspensky,The Psychology of Man's Possible Evolution,1934,128
Carson McCullers,The Heart is a Lonely Hunter,1940,307
Joyce Carol Oates,Black Water,1992,154
Patrick O'Brian,Master and Commander,1970,412
Russell Banks,Continental Drift,1985,366
Vyasa,The Bhagavad Gita,500bc,122
Thomas More,Utopia,1516,147
E.L. Doctorow,Ragtime,1975,371
Martin Heidegger,Early Greek Thinking,1950,58
Alice Miller,The Drama of the Gifted Child,1979,136
Daniel Goleman,Emotional Intelligence,1995,292
Benedict de Spinoza,The Ethics,1663,290
Betty Radice,Who's Who in the Ancient World,1971,161
Alexander Hamilton and James Madison,The Federalist Papers,1788,487
Nathan Glazer and Daniel P. Moynihan,Beyond the Melting Pot,1963,408
Louise Ames,Your Five-Year Old,1979,109
Daniel Defoe,Robinson Crusoe,1719,314
Abul A'La Mawdudi,Towards Understanding Islam,1986,132
Stephen Crane,The Red Badge of Courage,1895,169
Various,Latin Literature - an Anthology,400,456
James Boswell,The Life of Samuel Johnson,1791,342
Robert D. Kaplan,Balkan Ghosts,1993,300
anonymous,Primary Colors,1996,366
Russell Baker,Growing Up,1982,348
Gustave Flaubert,Flaubert in Egypt,1850,222
Stephen Birmingham,"""Our Crowd""",1967,446
Peter I. Pressman and Yahsar Hirshaut,Breast Cancer,1992,265
Lester C. Thurow,The Future of Capitalism,1996,327
Honoré de Balzac,A Murky Business,1841,223
Blaise Pascal,Pensées,1661,204
Deepak Chopra,Quantum Healing,1989,273
Maxim Gorky,My Childhood,1913,451
Paul Theroux,Riding the Iron Rooster,1988,188
René Descartes,Discourse on Method and The Meditations,1637,188
Deborah Tannen,You Just Don't Understand,1990,298
Pliny the Elder,Natural History,76,385
James Clavell,Shogun,1975,1152
Xenophon,Conversations with Socrates,401bc,359
Michael Herr,Dispatches,1978,278
H.G. Wells,The Invisible Man,1897,139
David Baldacci,Absolute Power,1996,505
Simone DeBeauvoir,The Second Sex,1952,732
Mary Karr,The Liars' Club,1995,320
G.K. Chesterton,The Club of Queer Trades,1905,126
Bryce Lyon,The Origins of the Middle Ages,1972,87
Antoine de Saint Exupery,Night Flight,1932,87
Charles and Mary Lamb,Tales from Shakespeare,1807,313
Alcoholics Anonymous,Twelve Steps and Twelve Traditions,1952,192
Don DeLillo,Mao II,1991,241
Jules Verne,Around the World in Eighty Days,1873,163
Daniel Johan Goldhagen,Hitler's Willing Executioners,1996,466
Peter Gay,The Enlightenment - The Science of Freedom,1969,568
Harry Crews,A Feast of Snakes,1976,177
Jean-Jacques Rousseau,Émile,1760,568
Hermann Hesse,Narcissus and Goldmund,1930,312
Keith B. Richburg,Cut of America,1997,254
Lincoln Steffens,The Shame of the Cities,1904,222
Choderlos DeLaclos,Les Liaisons Dangereuses,1782,412
Jonathan Harr,A Civil Action,1995,496
Harper Lee,To Kill a Mockingbird,1960,281
David Denby,Great Books,1996,463
Garrison Keillor,Lake Wobegon Days,1985,341
Barry Miles,Paul McCartney - Many Years from Now,1997,617
Horace,Satires and Epistles,18bc,179
E. Annie Proulx,The Shipping News,1993,337
Allan Bloom,The Closing of the American Mind,1987,382
Niccolò Machiavelli,The Prince,1514,96
Alexis De Tocqueville,Democracy in America,1835,317
Frank McCourt,Angela's Ashes,1996,426
Susanna Moore,my old sweetheart,1982,211
Robert Hughes,Culture of Complaint,1993,204
Patrick Suskind,Perfume,1985,263
Victoria Kingston,Simon and Garfunkel - The Definitive Biography,1996,287
John Locke,The Second Treatise of Government,1690,155
Plato,Phaedrus,375bc,48
Charles Dickens,Barnaby Rudge,1841,766
Philip Roth,Zuckerman Unbound,1981,156
Jeffrey Archer,A Twist in the Tale - 4 short stories,1988,113
S.T. Bindoff,Tudor England,1950,309
John O'Hara,Appointment in Samarra,1934,240
Ralph Ellison,Invisible Man,1952,469
A.S. Byatt,The Matisse Stories,1993,128
Giovanni Boccaccio,The Decameron,1350,296
Edward W. Said,Representations of the Intellectual,1993,132
Robert Graves,The Greek Myths: 1,1955,197
Peter and Linda Murray,The Art of the Renaissance,1963,278
Emmanuel Le Roy Ladurie,The Beggar and the Professor,1995,351
Richard Causton,The Buddha in Daily Life,1988,294
Mitch Albom,Tuesday with Morrie,1997,192
D.H. Lawrence,Sons and Lovers,1913,484
Alessandro Baricco,Silk,1997,91
Jimmy Webb,Tunesmith,1998,423
Henry James,The Golden Bowl,1904,555
Jean Rhys,Quartet,1928,186
Jorge Luis Borges,Other Inquisitions,1952,187
Bill Gates,The Road Ahead,1996,322
Arthur Golden,Memoirs of a Geisha,1997,428
Frank R. Wilson,The Hand,1998,338
Daniel DeFoe,A Tour Through the Whole Island of Great Britain,1724,708
Russell Banks,Cloudsplitter,1998,758
Robert Wright,The Moral Animal,1994,379
P.G. Wodehouse,French Leave,1956,206
Marcel Proust,The Past Recaptured,1922,272
John Hersey,Hiroshima,1946,152
John Stuart Mill,On Liberty,1859,187
Philip Roth,American Pastoral,1997,423
Dante Alighieri,Paridiso,1308,150
Jacob A. Riis,How The Other Half Lives,1890,227
Colin Bateman,Cycle of Violence,1995,261
Fernand Braudel,The Identity of France,1985,375
Sinclair Lewis,It Can't Happen Here,1935,331
Jason Goodwin,Lords of the Horizons - A History of the Ottoman Empire,1998,332
Marilyn Vos Savant,The World's Most Famous Math Problem,1993,76
Fred Goodman,The Mansion on the Hill,1997,387
Daisaku Ikeda,Toward a Culture of Peace: A Cosmic View,1999,38
"Dan Kindlon, Michael Thompson",Raising Cain,1999,1
Dava Sobol,Longitude,1995,175
Søren Kierkegaard,Fear and Trembling,1843,147
Sophocles,"""Antigone""",441bc,48
Bernie Brillstein,Where Did I Go Right?,1999,375
Richard Dawkins,The Selfish Gene,1976,266
A.J.P. Taylor,The Struggle for Mastery in Europe - 1848 - 1918,1954,586
Alfred Lansing,Endurance - Shackleton's Incredible Voyage,1959,280
Euripides,"""Andromache""",425bc,47
Samuel Butler,Erewhon,1871,260
George Stephanopoulos,All Too Human,1999,448
Henry Fielding,Tom Jones,1749,822
John Rechy,City of Night,1963,380
Peter Gay,My German Question,1998,212
Zora Neale Hurston,Their Eyes Were Watching God,1937,199
Mark Twain,The Mysterious Stranger,1906,114
Jhumpa Lahiri,Interpreter of Maladies,1999,198
John Steinbeck,The Grapes of Wrath,1939,464
Michael Lewis,The New New Thing,2000,272
Jacques Barzun,From Dawn to Decadence,2000,802
Samuel Butler,Alps & Sanctuaries,1881,336
Alexander Dumas,The Three Musketeers,1844,592
Madame de Lafayette,The Princess of Cleves,1677,288
Tom Wolfe,A Man in Full,1998,742
John Milton,Samson Agonistes ,1671,170
George Kubler,The Shape of Time,1962,136
Jakob Walter,The Diary of a Napoleonic Foot Soldier,1830,208
Stendhal,Love,1819,336
Sir Harold Nicolson,Diplomacy,1939,151
William Hazlitt,Liber Amoris ,1823,112
Ida M. Tarbell,The History of the Standard Oil Company,1903,200
Adolph Hitler,Mein Kampf ,1926,384
Honore de Balzac,The Physiology of Marriage,1824,358
Saul Bellow,Henderson the Rain King,1958,341
Dorothy L. Sayers,The Mind of the Maker,1941,229
Christine Hobson,The World of the Pharoahs,1987,255
Henry Kissinger,A World Restored,1957,535
Honore de Balzac,The Chouans ,1827,238
Tom King,The Operator ,2000,690
Lord Byron,The Selected Letters of Lord Byron,1798,276
Jean-Jacques Rousseau,La Nouvelle Heloise,1758,728
Walter Bagehot,Physics and Politics,1872,100
Dan O'Brien,The Rites of Autumn,1988,192
Sarah Faunce,Courbet,1993,245
Virginia Woolf,The Waves ,1931,297
Peter Paret,Understanding War ,1992,252
P. G. Wodehouse,Jeeves in the Morning,1946,272
Theodore Dreiser,Sister Carrie ,1900,557
Benjamin R. Barber,Jihad vs. McWorld,1995,432
J.K. Rowling,Harry Potter and the Sorcerer's Stone,1997,223
Stephen Hawking,The Universe in a Nutshell,2001,216
Artie Shaw,The Trouble with Cinderella,1952,432
Paramahansa Yogananda,Autobiography of a Yogi,1946,576
Bernard Lewis,What Went Wrong?,2002,208
Elizabeth Gaskell,Wives and Daughters,1866,679
Upton Sinclair,The Jungle ,1905,413
Margaret A. Salinger,Dream Catcher ,2000,464
Henry David Thoreau,Selected Journals of Henry David Thoreau,1862,64
Jean Rhys,Sleep It Off Lady,1976,176
Plutarch,Fall of the Roman Republic,90,414
C.S. Forester,Hornblower and Hotspur,1962,400
W.H. Lewis,The Splendid Century,1953,306
Robert Hughes,The Fatal Shore,1986,688
Noam Chomsky,Profit Over People,1999,166
Henry George,Progress and Poverty,1879,598
Malcolm Lowry,Under the Volcano,1947,423
Doris Lessing,The Good Terrorist,1985,400
Viktor E. Frankl,Man's Search for Meaning,1959,165
Harold Nicolson,Good Behavior,1955,409
Arthure Levitt,Take on the Street,2002,352
Charles Bukowski,Post Office,1971,208
Jose Saramago,The Cove ,2002,307
Susan Mollin Okin,Women in Western Political Thought,1979,442
DBC Pierre,Veron God Little,2003,288
Mary Renault,The Persian Boy,1972,419
Charles Bukowski,Hollywood,1989,319
John Lowden,Early Christian & Byzantine Art,1997,448
Natalie Angier,Woman - An Intimate Geography,1999,464
Gregory Bishop of Tours,History of the Franks,584,720
Paul Berman,Terror and Liberalism,2003,240
Mary McCarthy,The Groves of Academe,1951,312
Henry Kissinger,Does America Need a Foreign Policy,2001,352
James Lord,A Giacometti Portrait,1965,128
Karen Armstrong,Budda,2001,240
Karen Armstrong,Islam,2000,230
George Eliot,Adam Bede,1859,624
Graham Greenauthor,The Third Man,1950,157
Robert A. Caro,The Years of Lyndon Johnson - Master of the Senate,2002,1232
Horace Mann,The Republic and the School,1848,112
Edmund S. Morgan,Benjamin Franklin,2002,352
Claude Mettra,Bruegel,1977,45
J. M. Coetzee,Waiting for the Barbarians,1980,152
Dan Brown,The Da Vinci Code,2003,489
Gustave Flaubert,Memoirs of a Madman,1837,86
Tacey Chevalier,Girl With a Pearl Earing,1999,233
Harold Bloom,The Western Canon,1994,546
Walter Pater,The Renaissance,1873,208
William Pollack,Real Boys,1998,480
Aesop,The Complete Fables,550bc,352
Juvenal,The Satires,130,252
Groucho Marx,Love Groucho,1955,272
G.K. Chesterton,The Man Who Was Thursday,1908,182
John Kennedy Toole,A Confederacy of Dunces,1963,394
Harold Mattingly,Roman Imperial Civilization,1957,332
Molly Hughes,A London Girl of the 1880's,1946,245
Nick Hornby,How To Be Good,2001,305
John Bunyan,The Pilgrim's Progress,1684,324
Bill Moyers,Moyers on America,2004,256
Walt Whitman,Specimen Days,1865,228
Paulo Coelho,Eleven Minutes,2004,273
Lawrence Potter,The Persian Gulf in Transition ,1997,336
Immanuel Kant,Perpetual Peace ,1795,160
Arthur Koestler,The Gladiators ,1949,44
Richard L. Bushman,From Puritan to Yankee ,1967,352
Bill McKibben,The End of Nature ,1989,195
Laurens Van der Post,A Story Like the Wind ,1972,384
Marilynne Robinson,Gilead,2004,247
Thomas Carlyle,The French Revolution ,1837,848
Dalton Trumbo,Johnny Got His Gun,1939,309
Maureen Dowd,Bushworld,2004,523
Anton Chekhov,My Life ,1886,150
J.R. Hale,Renaissance Europe ,1971,352
E.M. Forster,A Passage to India ,1924,376
Jane Leavy,Sandy Koufax ,2003,336
David McCullough,1776,2005,386
Frank Norris,The Octopus ,1900,688
Ann Rinaldi,Hang a Thousand Trees with Ribbons ,1996,352
Herman Melville,Bartleby the Scrivener ,1853,64
Various,Chapters in Western Civilization vol II ,1962,534
Tim De Lisle,Lives of the Great Songs ,1994,240
Laurence Bergreen,As Thousands Cheer - The Life of Irving Berlin ,1990,702
Anthony Trollope,The Way We Live Now ,1873,776
Steve Martin,Shopgirl,2000,130
Emile Zola,The Debacle ,1870,170
Kenneth Henshall,A History of Japan ,1999,264
Edmund Morris,The Rise of Theodore Roosevelt ,1979,816
Henry Adams,The Education of Henry Adams ,1907,320
Sonny Barger,Freedom: Credos from the Road ,2005,224
Nathanael West,The Day of the Locust ,1939,208
Ford Maddox Ford,The Good Soldier ,1915,368
Mary Wollstonecraft,A Vindication of the Rights of Woman ,1792,269
Edith Wharton,The Age of Innocence ,1920,293
W. Somerset Maugham,Of Human Bondage ,1915,684
Doris Kearns Goodwin,Team of Rivals,2005,916
Tony Judt,Postwar,2005,933
Wallace Stegner,Angle of Repose ,1971,569
V.S. Naipaul,India: A Wounded Civilisation ,1976,176
Carlo Collodi,The Adventures of Pinocchio ,1881,96
D. H. Lawrence,Women in Love ,1916,416
Henri Pirenne,Economic and Social History of Medieval Europe ,1936,264
A. H. Maslow,The Farther Reaches of Human Nature ,1971,432
Charles Dickens,Our Mutual Friend ,1865,801
Vladimir Nabokov,Speak Memory ,1947,255
Hermann Hesee,Steppenwolf ,1927,256
David S. Brown,Richard Hofstadter. An Intellectual Biography,2006,320
Robert Penn Warren,All the King's Men,1946,439
Michel DeMontaigne,On Friendship,1580,115
Danny Danzinger & John Gillingham,1215 The Year of Magna Carta,2003,312
Jim Harrison,Legends of the Fall,1978,276
Jared Diamond,Collapse - How Societies Choose to Fail Or Succeed,2005,608
Fareed Zakaria,The Future of Freedom,2003,295
J.P. Donleavy,The Ginger Man,1955,347
John Irving,My Movie Business,1999,222
William Shakespeare,All's Well That Ends Well,1602,282
Graham Greene,The Quiet American,1955,180
Quintus Curtius Rufus,The History of Alexander,44,352
Oliver Wendell Holmes,The Autocrat of the Breakfast Table,1858,604
Iris Murdoch,Jackson's Dilemma,1995,256
Jonathan Franzen,The Corrections,2001,653
George W.S. Trow,My Pilgrim's Progress,1999,288
Heinrich Fichtenau,The Carolingian Empire,1957,196
Sir Thomas More,The History of King Richard III,1557,120
Jean-Jacques Rousseau,The Confessions,1781,672
Nathaniel Hawthorne,The Marble Faun,1860,432
Isaiah Berlin,Russian Thinkers,1978,336
Cecily von Ziegesar,Don't You Forget About Me,2007,275
Ian McEwan,On Chesil Beach,2007,166
Jonathan Lethem,Motherless Brooklyn,1999,311
Erich Fromm,The Essential Fromm,1976,144
José Saramago,The Gospel According to Jesus Christ,1991,377
Brigitte L. Nacos,Mass-Mediated Terrorism,2007,253
Joan Didion,The Year of Magical Thinking,2005,227
Samuel Beckett,Waiting for Godot,1954,109
Leonardo da Vinci,Prophecies,1519,112
Donald Capps,The Depleted Self,1993,196
Jean Rhys,Tigers are Better Looking,1927,220
Reinhold Niebuhr,Leaves from the Notebook of a Tamed Cynic,1928,152
Octavio Paz,The Labyrinth of Solitude,1961,398
V.S. Naipaul,A Bend in the River,1979,326
Fyodor Dostoevsky,The Gambler,1866,160
Aleksandr Solzhenitsyn,Nobel Lecture,1972,69
Kenneth Seeskin,Maimonides: A Guide for Today's Perplexed,1991,142
Booth Tarkington,The Magnificent Ambersons,1918,288
Jane Jacobs,The Death and Life of Great American Cities,1961,472
Al Gore,The Assault on Reason,2007,273
Raymond Carver,Fires,1984,208
Nassim Nicholas Taleb,The Black Swan,2007,366
Peter Forbath,The Last Hero,1988,729
Francis Bacon,The Essays,1625,288
Rose Tremain,Restoration,1989,371
Lord Macaulay,The History of England,1849,60
Marguerite Duras,The Lover,1985,117
Thomas Hobbes,Human Nature,1640,344
John Perkins,Confessions of an Economic Hit Man,2004,303
Edward W. Said,Orientalism,1978,396
Rory Stewart,The Places in Between,2004,299
Evelyn Waugh,A Handful of Dust,1934,308
John Lewis Gaddis,The Cold War,2005,352
Muriel Spark,The Girls of Slender Means,1963,140
Vali Nasr,The Shia Revival,2006,314
William Boyd,Restless,2006,336
Dennis McDouglas,Five Easy Decades,2008,484
Thomas Wolfe,Of Time and the River,1935,896
Simon Winchester,The Professor and the Madman,1998,242
Henry Roth,Call It Sleep,1934,462
Junot Diaz,The Brief Wondrous Life of Oscar Wao,2007,335
Andrew J. Bacevich,The Limits of Power,2008,206
Ken Kesey,Some Times a Great Notion,1964,640
D.H. Lawrence,Lady Chatterley's Lover,1928,376
Paul Tillich,The Courage to Be,1952,200
Samuel Beckett,Murphy,1938,288
Elizabeth Gaskell,Cranford,1853,257
Edmund White,Rimbaud - The Double Life of a Rebel,2008,192
Fernand Braudel,The Perspective of the World,1979,699
Elizabeth Bowen,The Death of the Heart,1938,418
Henri Troyat,Tolstoy,1965,896
Tom Shachtman,Skyscraper Dreams,1991,380
George Berkeley,Principles of Human Knowledge,1710,80
Walter Bagehot,The English Constitution,1867,256
Fareed Zakaria,The Post-American World,2008,292
Mikhail Sholokhov,And Quiet Flows the Don,1928,1408
Jonathan Weiner,The Beak of the Finch,1994,332
Lao Tzu,Hua Hu Ching,600bc,106
Ray Kurzweil,The Singularity Is Near,2005,652
Robert Louis Stevenson,Treasure Island,1883,311
Khaled Hosseini,The Kite Runner,2003,371
Amos Oz,Rhyming Life & Death,2007,128
W. Somerset Maugham,The Moon and Sixpence,1919,215
Cicero,On the Good Life,60bc,384
Zadie Smith,On Beauty,2005,445
Carrie Fisher,Wishful Drinking,2008,163
Charles Grodin,How I Got to Be Whoever It is I Am,2009,272
Edna O'Brien,Byron in Love,2009,228
Christopher Isherwood,The Last of Mr. Norris,1935,187
Christopher Isherwood,Goodbye to Berlin,1945,208
E.M. Forster,Alexandria - A History,1918,192
Samuel Richardson,Pamela,1740,592
John Cleland,Fanny Hill,1749,224
Daniel Defoe,Roxanna,1724,356
Giambattista Vico,New Science,1725,521
Nora Ephron,I Feel Bad About My Neck,2006,137
Jacob Burckhardt,The Civilization of the Renaissance in Italy,1857,400
Ivan Goncharov,Oblomov,1859,586
Adam Phillips,Darwin’s Worms,1999,160
D.A.F. Marquis deSade,Justine,1787,784
Raymond Postgate,Story of a Year 1848,1956,286
Paul Ryscavage,Income InEquality in America,1999,242
Jack London,The SeaWolf,1903,227
Akira Iriye,The Origins of the Second World War in Asia and the Pacific,1987,214
Jacques Barzun,Race: A Study in Superstition,1937,100
George Orwell,Why I Write,1946,120
Jonathan Swift,A Collection of Genteel and Ingenious Conversation,1754,224
Andrew Ross Sorkin,Too Big To Fail,2009,600
Dashielle Hammett,Red Harvest,1929,224
Christopher Caldwell,Reflections on the Revolution in Europe,2009,432
Polybius,The Rise of the Roman Empire,130,576
Emile Zola,The Drinking Den,1877,480
Michael Howard,War in European History,1976,176
W.Somerset Maughan,Cakes and Ale,1930,308
Sophocles,Oedipus at Colonus,410bc,144
Jules Feiffer,Backing Into Forward,2011,440
Hermann Hesse,The Journey to the East,1959,128
Richard Wright,Native Son,1940,504
James Moore,Gurdjieff,1991,416
Gregory David Roberts,Shantaram,2003,936
David A. Andelman,A Shattered Peace,2008,336
Stieg Larsson,The Girl With The Dragon Tattoo,2004,480
Billy Collins,Sailing Alone Around The Room,1998,172
Charlotte Joko Beck,Nothing Special,1993,278
Paulo Coelho,The Alchemist,1988,192
Wilkie Collins,The Woman in White,1860,672
Kathryn Stockett,The Help,2009,464
Ron Chernow,The House of Morgan,1990,812
Doug Glanville,The Game From Where I Stand,2010,276
Louis D. Brandeis,Other People’s Money and How Bankers Use It,1913,168
Jonathan Franzen,How To Be Alone,2002,306
Ravi Ravindra,Heart Without Measure,1999,219
Agatha Christie,Murder On The Orient Express,1934,274
Wilkie Collins,Rambles Beyond Railways,1852,195
Martin Cruz Smith,Gorky Park,1981,433
James Miller,Examined Lives,2011,432
Thomas Mann,Doctor Faustus,1947,535
Roderick Frazier Nash,Wilderness & The American Mind,1967,432
Sinclair Lewis,Main Street,1920,560
John Muir,A Thousand-Mile Walk to The Gulf,1867,272
Brian Thomas Swimme & Mary Evelyn Tucker,Journey of the Universe,2011,192
Robert Mighall,Poetic Lives: Keats,2009,160
David Edwards,John Keats A Beginner’s Guide,2002,87
Victor Bockris,Keith Richards The Biography,2003,471
Daniel Defoe,Moll Flanders,1722,339
Michael Soussan,Backstabbing For Beginners,2008,332
Friedrich Nietzsche,Beyond Good and Evil,1886,240
Willa Cather,The Song of The Lark,1915,417
Honore de Balzac,The Vendetta,1830,124
Sara Maitland,A Book of Silence,2008,309
Stendhal,Memoirs of An Egotist,1832,144
Hugh Trevor-Roper,History and The Enlightenment,2010,352
Yann Martel,Life of Pi,2001,401
Don Piper with Cecil Murphy,Ninety Minutes in Heaven,2004,207
Sandro Veronesi,Quiet Chaos,2005,432
Charles Dickens,Sketches By Boz,1836,635
Noel Coward,Present Indicative: An Autobiography,1937,352
David Browne,Fire and Rain,2011,369
Niobe Way,Deep Secrets,2011,326
Vladmir Nabokov,Pnin,1953,143
Erik Larson,In The Garden Of Beasts,2011,448
Elie Wiesel,Night,1958,115
Sanford D. Greenberg,Even This,1953,100
Nikolai Gogol,The Garden Squabble,1835,119
Muriel Barbery,The Elegance of the Hedgehog,2006,325
Scotty Bowers,Full Service,2012,288
Laura Hillenbrand,Unbroken,2010,492
Emile Zola,Nana,1880,473
Julie Otsuka,The Buddha in the Attic,2011,129
Timothy L. Hoffmann,Gone for a Ride,2007,100
E.L. James,Fifty Shades of Grey,2011,356
Vladimir Nabokov,Pale Fire,1959,246
P.G. Wodehouse,Uncle Fred in the Springtime,1939,240
Graham Greene,The Heart of the Matter,1948,272
Johann Wolfgang von Goethe,The Man of Fifty,1818,70
Roger Collins,Early Medieval Europe 300-1000,1991,533
Tom Wolfe,I Am Charlotte Simmons,2004,738
Malcolm Gladwell,blink,2005,400
Saul Bellow,Seize the Day,1956,114
Lee Hausner,Children of Paradise,1990,275
William Carlos Williams,In the American Grain,1925,234
Michael Shaara,The Killer Angels,1974,13
Elisabeth Tova Bailey,The Sound of a Wild Snail Eating,2010,208
Henry Kissinger,On China,2011,608
George Eliot,Felix Holt: The Radical,1866,545
Robert D. Kaplan,The Revenge of Geography,2012,432
Mario Puzo,The Fortunate Pilgrim,1964,304
Nancy Mitford,Voltaire in Love,1957,288
Robert K Massie,Catherine the Great,2011,625
Elizabeth Bowen,The House in Paris,1935,269
Mason Currey,Daily Rituals - How Artists Work,2013,278
Emil Ludwig,Genius and Character,1927,346
Phillippe Burrin,France Under the Germans,1995,512
Bruno Schulz,The Street of Crocodiles,1934,160
Donald Shepherd,Bing Crosby - The Hollow Man,1981,150
Barbara W. Tuchman,A Distant Mirror,1978,714
Witold Gombrowicz,Cosmos,1967,208
Charles C. Mann,1493,2011,557
Philip K. Dick,Do Androids Dream of Eletric Sheep?,1968,258
Marianne Williamson,The Law of Divine Compensation,2012,208
Margaret Macmillan,The War That Ended Peace,2013,739
Herman Melville,Benito Cereno,1855,160
Anton Chekhov,The Duel,1891,128
Don DeLillo,Cosmopolis,2003,224
Victoria Wilson,A Life of Barbara Stanwyck,2013,1044
Julie Orringer,The Invisible Bridge,2010,786
Jonathan Lethem,Dissident Gardens,2013,366
Marilynne Robinson,When I Was A Child I Read Books,2012,224
Alice Munro,Dear Life,2012,336
Louisa May Alcott,Little Women,1868,449
J.L. Carr,A Month in the Country,1980,135
Henry Kissinger,World Order,2014,420
James Fenimore Cooper,The Deerslayer,1841,576
Leo Tolstoy,The Kingdom of God is Within You,1893,352
Edmund Wilson,The Fifties,1986,663
Anjelica Huston,Watch Me,2014,400
Phil Klayn,Redeployment,2014,288
Ivan Turgenev,Virgin Soil,1877,355
Karl Ove Knausgaard,My Struggle,2009,448
Patrick Leigh Fermor,A Time of Gifts,1977,321
Randall Jarrell,Pictures From An Institution,1952,286
Howard Felperin,In Another Life,2014,225
Thomas Beer,The Mauve Decade,1926,272
Charles Dickens,Little Dorrit,1857,1347
Judith Viorst,Grown-Up Marriage,2003,304
Ron Chernov,Alexander Hamilton,2004,818
Jeff Fromm,Marketing to Millennials,2013,224
James Gavin,Deep in a Dream. The Long Night of Chet Baker,2002,448
Honore de Balzac,The Wrong Side of Paris,1845,272
Steve Silberman,NeuroTribes.The Legacy of Autism,2016,477
Honore de Balzac,The Human Comedy,1840,428
Buzz Bissinger,Three Nights in August,2005,287
Kostya Kennedy,Pete Rose. An American Dilemma,2016,352
Michael Lewis,Moneyball,2003,317
Jonathan Franzen,Freedom,2010,562
Morris Dickstein,Why Not Say What Happened,2015,320
Stepen Greenblatt,The Swerve,2011,356
William Shakespeare,The Tempest,1611,355
Bill Read,The Days of Dylan Thomas,1964,100
R.D. Blackmore,Lorna Doone,1869,800
Albert Schweitzer,J.S. Bach vol.two.,1911,512
Madeline Levine,The Prince of Privilege,2006,256
Hilton Als,White Girls,2014,344
Barbara Tuchman,The Guns of August,2014,606
Mary Karr,The Art of Memoir,2015,225
Flannery O'Connor,Everything That Rises Must Converge,1965,269
Isaac Bashevis Singer,A Crown of Feathers,1973,342
Robert Gottlieb,Avid Reader,2016,352
Rabbi Shalom Arush,The Garden of Peace,2008,150
Erik Larson,The Devil in the White City,2003,447
Paula Hawkins,The Girl on the Train,2015,325
Oliver Sacks,The Last Interview,2016,220
John Sutherland,A Little History Of Literature,2013,276
Frances Kroll Ring,Against The Current,1985,155
James Baldwin,Giovanni's Room,1956,159
Jimmy Webb,The Cake And The Rain,2017,159
J.D. Salinger,The Last Interview,2016,208
Timothy Snyder,On Tyranny,2017,126
Donald Trump,Trump The Art of the Deal,1986,384
James Baldwin,The Fire Next Time,1962,106
John Julius Norwich,Four Princes,2016,304
Lisa Hilton,Elizabeth,2014,400
Erich Maria Remarque,All Quiet On The Western Front,1928,256
Friedrich Nietzsche,Anti-Education,1872,160
Al Franken,Giant Of The Senate,2017,304
Elena Ferrante,The Days Of Abandonment,2002,188
Fyodor Dostoyevsky,Netochka Nezvanova,1849,176
Franz Kafka,Konundrum,1914,381
Elizabeth Strout,My Name Is Lucy Barton,2016,193
Cicero,How To Grow Old,44bc,196
Domenico Starnone,Ties,2014,150
Michael Wolff,Fire and Fury,2018,322
Craig Pittman,Oh Florida!,2016,320
Madeleine Albright,Facism - a warning,2018,304
John Steinbeck,Of Mice and Men,1937,103
Julian Barnes,The Sense of an Ending,2011,150
J. Edgar Hoover,Masters of Deceit,1958,384
Gabriel Garcia Marquez,The Story of a Shipwrecked Sailor,1986,128
Peter Catapano,Modern Ethics in 77 Arguments,2017,464
Ruth Bader Ginsburg,In Her Own Words,2018,206
Bob Woodward,Fear,2013,448
Ayn Rand,The Fountainhead,1943,752
Robert Parker,The Widening Gyre,1983,183
Anthony Doerr,All the Light We Cannot See,2014,531
Alan Jacobs,How to Think,2017,160
Cormac McCarthy,The Road,2006,241
Bill O'Reilly,Killing the SS,2018,307
Stephen Kinzer,The True Flag,2017,307
Marianne Williamson,Healing the Soul of America,1997,288
Eric Kandel,The Disordered Mind,2018,304
Bill Bryson,A Walk in the Woods,1981,397
Naomi Klein,No Is Not Enough,2017,273
Paul Collins,Duel With The Devil,2013,304
Cliff Sims,Team of Vipers,2019,384
Margaret Attwood,The Handmaid's Tale,1986,350
Gelett Burgess,Have You an Educated Heart,1923,57
Erik Larson,The Splendid and the Vile,2020,546
Viktor E. Frankl,Yes to Life,2019,144
Mary L. Trump,Too Much and Never Enough,2020,236
Doris Kearns Goodwin,Leadership,2020,397
David Mikie,Stanley Kubrick,2020,248
Julie Satow,The Plaza,2019,358
Ruth Ben-Ghiat,Strongmen (Mussolini to the Present) ,2019,384
Mark Harris,Mike Nichols A Life,2021,688
David S. Brown,The Last American Aristocrat ,2020,464
P.G.Wodehouse,Jeeves and the Feudal Sprit ,1954,231
Margaret MacMillan,Paris ,1919,624
Charles Terry,The Music of Bach ,1963,100
Bernard Shaw,Pygmalion ,1913,82
Jo Giese,Never Sit if You Can Dance ,2019,144
Amor Towles,A Gentleman in Moscow ,2016,462
Mel Brooks,All About Me! ,2021,480
James Michener,Caravans ,1963,320
Abraham Lincoln,The Spiritual Growth of a Public Man ,1973,47
Hunter Davies,The Beatles,1968,340
René Daumal,Mount Analogue,1952,106
P.D. Ouspensky,The Strange Life of Ivan Osokin,1955,166
F. Scott Fitzgerald,The Great Gatsby,1925,182
